Workbook

Sheet Hoja1
A3: Sector_ | B3: =+[1]Validación!A4 -> Zona | C3: =+[1]Validación!B4 -> Sector | D3: Pérdidas aparantes (Mm3/año) | E3: Pérdidas ténicas (Mm3/año) | F3: Fugas de fondo | G3: Pérdidas totales (Mm3/año) | H3: Pérdidas por km dia (m³/dia/km) | I3: Presión | J3: AMSI (m3/día/km/mca) | K3: Dotación nominal (m3/mes/usuario) | L3: Dotación facturada autorizada (m3/mes/usuario) | M3: UARL | N3: ILI | O3: IPUF
A4: Z1-05 | B4: 1 | C4: =+[1]Validación!B5 -> 5 | D4: =+[1]Validación!K5 -> 3.4748462 | E4: =+[1]Validación!I5 -> 4.2835687 | F4: =+'[1]PR 02'!R7 -> 3868277.2 | G4: =+[1]Validación!F5 -> 7.7584149 | H4: =F4/[1]UARL!D7/365 -> 20.877785 | I4: 28.311688 | J4: =H4/I4 -> 0.73742634 | K4: =[1]VE!F6/12/[1]UARL!E7 -> 13.918678 | L4: =+SUM('[1]VFM 01'!E7,'[1]VFM 02'!E7,'[1]VFM 03'!E7,'[1]VFNM 04-05'!D7)/[1]UARL!E7/12 -> 10.251278 | M4: =+[1]UARL!J7/1000000 -> 2.0519868 | N4: =E4/M4 -> 2.0875225 | O4: =(G4*1000000)/12/[1]UARL!E7 -> 3.4523825
A5: Z1-06 | B5: 1 | C5: =+[1]Validación!B6 -> 6 | D5: =+[1]Validación!K6 -> 3.5510923 | E5: =+[1]Validación!I6 -> 2.0733087 | F5: =+'[1]PR 02'!R8 -> 1903162.7 | G5: =+[1]Validación!F6 -> 5.624401 | H5: =F5/[1]UARL!D8/365 -> 20.877785 | I5: 28.333333 | J5: =H5/I5 -> 0.73686299 | K5: =[1]VE!F7/12/[1]UARL!E8 -> 13.872261 | L5: =+SUM('[1]VFM 01'!E8,'[1]VFM 02'!E8,'[1]VFM 03'!E8,'[1]VFNM 04-05'!D8)/[1]UARL!E8/12 -> 9.763351 | M5: =+[1]UARL!J8/1000000 -> 1.2454906 | N5: =E5/M5 -> 1.6646522 | O5: =(G5*1000000)/12/[1]UARL!E8 -> 3.9911107
A6: Z1-07 | B6: 1 | C6: =+[1]Validación!B7 -> 7 | D6: =+[1]Validación!K7 -> 4.1364696 | E6: =+[1]Validación!I7 -> 2.8918903 | F6: =+'[1]PR 02'!R9 -> 2583953.5 | G6: =+[1]Validación!F7 -> 7.02836 | H6: =F6/[1]UARL!D9/365 -> 21.863113 | I6: 28.02987 | J6: =H6/I6 -> 0.77999338 | K6: =[1]VE!F8/12/[1]UARL!E9 -> 14.203802 | L6: =+SUM('[1]VFM 01'!E9,'[1]VFM 02'!E9,'[1]VFM 03'!E9,'[1]VFNM 04-05'!D9)/[1]UARL!E9/12 -> 10.016883 | M6: =+[1]UARL!J9/1000000 -> 1.5262856 | N6: =E6/M6 -> 1.8947242 | O6: =(G6*1000000)/12/[1]UARL!E9 -> 4.0662367
A7: Z1-08 | B7: 1 | C7: =+[1]Validación!B8 -> 8 | D7: =+[1]Validación!K8 -> 1.9161219 | E7: =+[1]Validación!I8 -> 1.103275 | F7: =+'[1]PR 02'!R10 -> 954782.89 | G7: =+[1]Validación!F8 -> 3.019397 | H7: =F7/[1]UARL!D10/365 -> 20.877785 | I7: 27.391818 | J7: =H7/I7 -> 0.76219054 | K7: =[1]VE!F9/12/[1]UARL!E10 -> 16.731284 | L7: =+SUM('[1]VFM 01'!E10,'[1]VFM 02'!E10,'[1]VFM 03'!E10,'[1]VFNM 04-05'!D10)/[1]UARL!E10/12 -> 11.580712 | M7: =+[1]UARL!J10/1000000 -> 0.54805545 | N7: =E7/M7 -> 2.0130719 | O7: =(G7*1000000)/12/[1]UARL!E10 -> 5.0041051
A8: Z1-09 | B8: 1 | C8: =+[1]Validación!B9 -> 9 | D8: =+[1]Validación!K9 -> 2.0528446 | E8: =+[1]Validación!I9 -> 1.1419619 | F8: =+'[1]PR 02'!R11 -> 881846.76 | G8: =+[1]Validación!F9 -> 3.1948065 | H8: =F8/[1]UARL!D11/365 -> 10.313415 | I8: 31.046818 | J8: =H8/I8 -> 0.33218912 | K8: =[1]VE!F10/12/[1]UARL!E11 -> 14.199839 | L8: =+SUM('[1]VFM 01'!E11,'[1]VFM 02'!E11,'[1]VFM 03'!E11,'[1]VFNM 04-05'!D11)/[1]UARL!E11/12 -> 10.09229 | M8: =+[1]UARL!J11/1000000 -> 0.85652702 | N8: =E8/M8 -> 1.3332468 | O8: =(G8*1000000)/12/[1]UARL!E11 -> 3.9238596
A9: Z1-18 | B9: 1 | C9: =+[1]Validación!B10 -> 18 | D9: =+[1]Validación!K10 -> 1.4480637 | E9: =+[1]Validación!I10 -> 0.59929133 | F9: =+'[1]PR 02'!R12 -> 580900.9 | G9: =+[1]Validación!F10 -> 2.047355 | H9: =F9/[1]UARL!D12/365 -> 60.913651 | I9: 30 | J9: =H9/I9 -> 2.030455 | K9: =[1]VE!F11/12/[1]UARL!E12 -> 41.810116 | L9: =+SUM('[1]VFM 01'!E12,'[1]VFM 02'!E12,'[1]VFM 03'!E12,'[1]VFNM 04-05'!D12)/[1]UARL!E12/12 -> 16.230675 | M9: =+[1]UARL!J12/1000000 -> 0.089770413 | N9: =E9/M9 -> 6.6758223 | O9: =(G9*1000000)/12/[1]UARL!E12 -> 24.885198
A10: Z1-31 | B10: 1 | C10: =+[1]Validación!B11 -> 31 | D10: =+[1]Validación!K11 -> 0.43587041 | E10: =+[1]Validación!I11 -> 0.61573428 | F10: =+'[1]PR 02'!R13 -> 584144.8 | G10: =+[1]Validación!F11 -> 1.0516047 | H10: =F10/[1]UARL!D13/365 -> 20.877785 | I10: 42.590909 | J10: =H10/I10 -> 0.49019345 | K10: =[1]VE!F12/12/[1]UARL!E13 -> 20.593253 | L10: =+SUM('[1]VFM 01'!E13,'[1]VFM 02'!E13,'[1]VFM 03'!E13,'[1]VFNM 04-05'!D13)/[1]UARL!E13/12 -> 14.192149 | M10: =+[1]UARL!J13/1000000 -> 0.33351533 | N10: =E10/M10 -> 1.8461948 | O10: =(G10*1000000)/12/[1]UARL!E13 -> 5.2756441
A11: Z1-32 | B11: 1 | C11: =+[1]Validación!B12 -> 32 | D11: =+[1]Validación!K12 -> -0.22194045 | E11: =+[1]Validación!I12 -> 0.10943219 | F11: =+'[1]PR 02'!R14 -> 108136.29 | G11: =+[1]Validación!F12 -> -0.11250827 | H11: =F11/[1]UARL!D14/365 -> 20.877785 | I11: 38.068182 | J11: =H11/I11 -> 0.54843136 | K11: =[1]VE!F13/12/[1]UARL!E14 -> 16.968447 | L11: =+SUM('[1]VFM 01'!E14,'[1]VFM 02'!E14,'[1]VFM 03'!E14,'[1]VFNM 04-05'!D14)/[1]UARL!E14/12 -> 26.056405 | M11: =+[1]UARL!J14/1000000 -> 0.022612178 | N11: =E11/M11 -> 4.8395243 | O11: =(G11*1000000)/12/[1]UARL!E14 -> -16.419771
A12: Z1-35 | B12: 1 | C12: =+[1]Validación!B13 -> 35 | D12: =+[1]Validación!K13 -> 0.54831882 | E12: =+[1]Validación!I13 -> 0.6492884 | F12: =+'[1]PR 02'!R15 -> 593518.22 | G12: =+[1]Validación!F13 -> 1.1976072 | H12: =F12/[1]UARL!D15/365 -> 20.877785 | I12: 26.481818 | J12: =H12/I12 -> 0.78838184 | K12: =[1]VE!F14/12/[1]UARL!E15 -> 12.827195 | L12: =+SUM('[1]VFM 01'!E15,'[1]VFM 02'!E15,'[1]VFM 03'!E15,'[1]VFNM 04-05'!D15)/[1]UARL!E15/12 -> 9.7500325 | M12: =+[1]UARL!J15/1000000 -> 0.34794362 | N12: =E12/M12 -> 1.8660736 | O12: =(G12*1000000)/12/[1]UARL!E15 -> 2.8566694
B13: =+[1]Validación!A14 -> 0 | C13: =+[1]Validación!B14 -> 0 | O13: =(G13*1000000)/12/[1]UARL!E16 -> #DIV/0!
B14: =+[1]Validación!A15 -> 0 | C14: =+[1]Validación!B15 -> 0 | O14: =(G14*1000000)/12/[1]UARL!E17 -> #DIV/0!
B15: =+[1]Validación!A16 -> 0 | C15: =+[1]Validación!B16 -> 0 | O15: =(G15*1000000)/12/[1]UARL!E18 -> #DIV/0!
A16: Z2-04 | B16: 2 | C16: =+[1]Validación!B17 -> 4 | D16: =+[1]Validación!K17 -> 7.5174311 | E16: =+[1]Validación!I17 -> 7.4948523 | F16: =+'[1]PR 02'!R19 -> 6794795.1 | G16: =+[1]Validación!F17 -> 15.012283 | H16: =F16/[1]UARL!D19/365 -> 27.769837 | I16: 24.125805 | J16: =H16/I16 -> 1.151043 | K16: =[1]VE!F18/12/[1]UARL!E19 -> 17.052058 | L16: =+SUM('[1]VFM 01'!E19,'[1]VFM 02'!E19,'[1]VFM 03'!E19,'[1]VFNM 04-05'!D19)/[1]UARL!E19/12 -> 10.222392 | M16: =+[1]UARL!J19/1000000 -> 1.9689789 | N16: =E16/M16 -> 3.8064664 | O16: =(G16*1000000)/12/[1]UARL!E19 -> 6.2580281
A17: Z2-10 | B17: 2 | C17: =+[1]Validación!B18 -> 10 | D17: =+[1]Validación!K18 -> 1.5237968 | E17: =+[1]Validación!I18 -> 1.9738679 | F17: =+'[1]PR 02'!R20 -> 1718867.2 | G17: =+[1]Validación!F18 -> 3.4976647 | H17: =F17/[1]UARL!D20/365 -> 33.482851 | I17: 22.735828 | J17: =H17/I17 -> 1.4726911 | K17: =[1]VE!F19/12/[1]UARL!E20 -> 21.806018 | L17: =+SUM('[1]VFM 01'!E20,'[1]VFM 02'!E20,'[1]VFM 03'!E20,'[1]VFNM 04-05'!D20)/[1]UARL!E20/12 -> 14.099485 | M17: =+[1]UARL!J20/1000000 -> 0.31360957 | N17: =E17/M17 -> 6.2940296 | O17: =(G17*1000000)/12/[1]UARL!E20 -> 9.1059408
A18: Z2-14 | B18: 2 | C18: =+[1]Validación!B19 -> 14 | D18: =+[1]Validación!K19 -> 0.42200402 | E18: =+[1]Validación!I19 -> 0.29561842 | F18: =+'[1]PR 02'!R21 -> 152968.76 | G18: =+[1]Validación!F19 -> 0.71762244 | H18: =F18/[1]UARL!D21/365 -> 7.3591426 | I18: 22.897 | J18: =H18/I18 -> 0.32140204 | K18: =[1]VE!F20/12/[1]UARL!E21 -> 17.493717 | L18: =+SUM('[1]VFM 01'!E21,'[1]VFM 02'!E21,'[1]VFM 03'!E21,'[1]VFNM 04-05'!D21)/[1]UARL!E21/12 -> 13.267644 | M18: =+[1]UARL!J21/1000000 -> 0.14282149 | N18: =E18/M18 -> 2.0698454 | O18: =(G18*1000000)/12/[1]UARL!E21 -> 4.0723098
A19: Z2-16 | B19: 2 | C19: =+[1]Validación!B20 -> 16 | D19: =+[1]Validación!K20 -> 0.17493878 | E19: =+[1]Validación!I20 -> 0.68534846 | F19: =+'[1]PR 02'!R22 -> 608069.75 | G19: =+[1]Validación!F20 -> 0.86028725 | H19: =F19/[1]UARL!D22/365 -> 23.749251 | I19: 25.163434 | J19: =H19/I19 -> 0.94380007 | K19: =[1]VE!F21/12/[1]UARL!E22 -> 14.323671 | L19: =+SUM('[1]VFM 01'!E22,'[1]VFM 02'!E22,'[1]VFM 03'!E22,'[1]VFNM 04-05'!D22)/[1]UARL!E22/12 -> 9.6737295 | M19: =+[1]UARL!J22/1000000 -> 0.18297407 | N19: =E19/M19 -> 3.7456043 | O19: =(G19*1000000)/12/[1]UARL!E22 -> 4.3288813
A20: Z2-17 | B20: 2 | C20: =+[1]Validación!B21 -> 17 | D20: =+[1]Validación!K21 -> 2.4981462 | E20: =+[1]Validación!I21 -> 4.6684598 | F20: =+'[1]PR 02'!R23 -> 4171069.1 | G20: =+[1]Validación!F21 -> 7.166606 | H20: =F20/[1]UARL!D23/365 -> 26.385174 | I20: 23.335718 | J20: =H20/I20 -> 1.1306776 | K20: =[1]VE!F22/12/[1]UARL!E23 -> 17.260598 | L20: =+SUM('[1]VFM 01'!E23,'[1]VFM 02'!E23,'[1]VFM 03'!E23,'[1]VFNM 04-05'!D23)/[1]UARL!E23/12 -> 9.9067642 | M20: =+[1]UARL!J23/1000000 -> 0.98698777 | N20: =E20/M20 -> 4.7300078 | O20: =(G20*1000000)/12/[1]UARL!E23 -> 6.3777317
A21: Z2-18 | B21: 2 | C21: =+[1]Validación!B22 -> 18 | D21: =+[1]Validación!K22 -> -0.18751321 | E21: =+[1]Validación!I22 -> 0.55911741 | F21: =+'[1]PR 02'!R24 -> 484866.29 | G21: =+[1]Validación!F22 -> 0.3716042 | H21: =F21/[1]UARL!D24/365 -> 23.749251 | I21: 20.399074 | J21: =H21/I21 -> 1.1642318 | K21: =[1]VE!F23/12/[1]UARL!E24 -> 15.550958 | L21: =+SUM('[1]VFM 01'!E24,'[1]VFM 02'!E24,'[1]VFM 03'!E24,'[1]VFNM 04-05'!D24)/[1]UARL!E24/12 -> 15.117814 | M21: =+[1]UARL!J24/1000000 -> 0.14715494 | N21: =E21/M21 -> 3.799515 | O21: =(G21*1000000)/12/[1]UARL!E24 -> 1.7993618
A22: Z2-19 | B22: 2 | C22: =+[1]Validación!B23 -> 19 | D22: =+[1]Validación!K23 -> 3.9560609 | E22: =+[1]Validación!I23 -> 0.65749963 | F22: =+'[1]PR 02'!R25 -> 541830.03 | G22: =+[1]Validación!F23 -> 4.6135605 | H22: =F22/[1]UARL!D25/365 -> 23.749251 | I22: 35.124747 | J22: =H22/I22 -> 0.67614013 | K22: =[1]VE!F24/12/[1]UARL!E25 -> 22.596965 | L22: =+SUM('[1]VFM 01'!E25,'[1]VFM 02'!E25,'[1]VFM 03'!E25,'[1]VFNM 04-05'!D25)/[1]UARL!E25/12 -> 14.092229 | M22: =+[1]UARL!J25/1000000 -> 0.42098511 | N22: =E22/M22 -> 1.5618121 | O22: =(G22*1000000)/12/[1]UARL!E25 -> 11.95731
A23: Z2-33 | B23: 2 | C23: =+[1]Validación!B24 -> 33 | D23: =+[1]Validación!K24 -> 0.414069 | E23: =+[1]Validación!I24 -> 0.12186216 | F23: =+'[1]PR 02'!R26 -> 106386.56 | G23: =+[1]Validación!F24 -> 0.53593116 | H23: =F23/[1]UARL!D26/365 -> 23.749251 | I23: 28.369731 | J23: =H23/I23 -> 0.83713347 | K23: =[1]VE!F25/12/[1]UARL!E26 -> 36.856448 | L23: =+SUM('[1]VFM 01'!E26,'[1]VFM 02'!E26,'[1]VFM 03'!E26,'[1]VFNM 04-05'!D26)/[1]UARL!E26/12 -> 38.559637 | M23: =+[1]UARL!J26/1000000 -> 0.03709762 | N23: =E23/M23 -> 3.284905 | O23: =(G23*1000000)/12/[1]UARL!E26 -> 18.932145
A24: Z3-03 | B24: 3 | C24: =+[1]Validación!B25 -> 3 | D24: =+[1]Validación!K25 -> 1.5370168 | E24: =+[1]Validación!I25 -> 3.2753871 | F24: =+'[1]PR 02'!R27 -> 2859765.9 | G24: =+[1]Validación!F25 -> 4.8124038 | H24: =F24/[1]UARL!D27/365 -> 25.830898 | I24: 25.525758 | J24: =H24/I24 -> 1.0119542 | K24: =[1]VE!F26/12/[1]UARL!E27 -> 14.51332 | L24: =+SUM('[1]VFM 01'!E27,'[1]VFM 02'!E27,'[1]VFM 03'!E27,'[1]VFNM 04-05'!D27)/[1]UARL!E27/12 -> 10.048723 | M24: =+[1]UARL!J27/1000000 -> 1.0925568 | N24: =E24/M24 -> 2.9979102 | O24: =(G24*1000000)/12/[1]UARL!E27 -> 3.7907032
A25: Z3-11 | B25: 3 | C25: =+[1]Validación!B26 -> 11 | D25: =+[1]Validación!K26 -> 6.0196603 | E25: =+[1]Validación!I26 -> 4.3866259 | F25: =+'[1]PR 02'!R28 -> 3758208.3 | G25: =+[1]Validación!F26 -> 10.406286 | H25: =F25/[1]UARL!D28/365 -> 15.958599 | I25: 22.739478 | J25: =H25/I25 -> 0.70180148 | K25: =[1]VE!F27/12/[1]UARL!E28 -> 20.625276 | L25: =+SUM('[1]VFM 01'!E28,'[1]VFM 02'!E28,'[1]VFM 03'!E28,'[1]VFNM 04-05'!D28)/[1]UARL!E28/12 -> 13.145562 | M25: =+[1]UARL!J28/1000000 -> 1.3549542 | N25: =E25/M25 -> 3.2374718 | O25: =(G25*1000000)/12/[1]UARL!E28 -> 6.6020854
A26: Z3-12 | B26: 3 | C26: =+[1]Validación!B27 -> 12 | D26: =+[1]Validación!K27 -> -0.63558199 | E26: =+[1]Validación!I27 -> 1.780691 | F26: =+'[1]PR 02'!R29 -> 1482913.6 | G26: =+[1]Validación!F27 -> 1.145109 | H26: =F26/[1]UARL!D29/365 -> 25.830898 | I26: 24.187761 | J26: =H26/I26 -> 1.0679326 | K26: =[1]VE!F28/12/[1]UARL!E29 -> 15.271769 | L26: =+SUM('[1]VFM 01'!E29,'[1]VFM 02'!E29,'[1]VFM 03'!E29,'[1]VFNM 04-05'!D29)/[1]UARL!E29/12 -> 13.259723 | M26: =+[1]UARL!J29/1000000 -> 0.51370508 | N26: =E26/M26 -> 3.4663683 | O26: =(G26*1000000)/12/[1]UARL!E29 -> 1.753344
A27: Z3-15 | B27: 3 | C27: =+[1]Validación!B28 -> 15 | D27: =+[1]Validación!K28 -> 1.0306193 | E27: =+[1]Validación!I28 -> 0.5716217 | F27: =+'[1]PR 02'!R30 -> 488344.09 | G27: =+[1]Validación!F28 -> 1.602241 | H27: =F27/[1]UARL!D30/365 -> 25.830898 | I27: 32.959318 | J27: =H27/I27 -> 0.78372064 | K27: =[1]VE!F29/12/[1]UARL!E30 -> 33.786295 | L27: =+SUM('[1]VFM 01'!E30,'[1]VFM 02'!E30,'[1]VFM 03'!E30,'[1]VFNM 04-05'!D30)/[1]UARL!E30/12 -> 12.844549 | M27: =+[1]UARL!J30/1000000 -> 0.12891719 | N27: =E27/M27 -> 4.4340222 | O27: =(G27*1000000)/12/[1]UARL!E30 -> 19.085204
... A47: Z5-30 | B47: 5 | C47: =+[1]Validación!B48 -> 30 | D47: =+[1]Validación!K48 -> 13.667535 | E47: =+[1]Validación!I48 -> 6.7502137 | F47: =+'[1]PR 02'!R50 -> 6522384.1 | G47: =+[1]Validación!F48 -> 20.417749 | H47: =F47/[1]UARL!D50/365 -> 46.0979 | I47: 32.339773 | J47: =H47/I47 -> 1.4254244 | K47: =[1]VE!F49/12/[1]UARL!E50 -> 18.342357 | L47: =+SUM('[1]VFM 01'!E50,'[1]VFM 02'!E50,'[1]VFM 03'!E50,'[1]VFNM 04-05'!D50)/[1]UARL!E50/12 -> 7.1602973 | M47: =+[1]UARL!J50/1000000 -> 2.325626 | N47: =E47/M47 -> 2.9025363 | O47: =(G47*1000000)/12/[1]UARL!E50 -> 9.5539869
D49: =SUM(D4:D46) -> 89.299741 | E49: =SUM(E4:E46) -> 73.351989 | F49: =SUM(F4:F47) -> 72993316 | G49: =SUM(G4:G46) -> 162.65173 | H49: =SUM(F4:F46)/365/SUM([1]UARL!D7:D49) -> 23.451956 | J49: =H49/25.92 -> 0.90478224 | K49: =SUM([1]VE!F6:F48)/12/SUM([1]UARL!E7:E49) -> 17.302361 | L49: =(SUM('[1]VFM 01'!E7:E49)+SUM('[1]VFM 02'!E7:E49)+SUM('[1]VFM 03'!E7:E49)+SUM('[1]VFNM 04-05'!D7:D46))/12/SUM([1]UARL!E7:E49) -> 10.863883 | M49: =SUM(M4:M46) -> 25.236965 | N49: =E49/M49 -> 2.9065297 | O49: =(G49*1000000)/12/SUM([1]UARL!E7:E49) -> 6.0984662
D50: 103.37091 | E50: 80.50444 | G50: 183.87535 | H50: =SUM(F4:F47)/365/SUM([1]UARL!D7:D50) -> 24.528686 | J50: =H50/27.46 -> 0.89325148 | K50: =SUM([1]VE!F6:F49)/12/SUM([1]UARL!E7:E50) -> 17.379512 | L50: =(SUM('[1]VFM 01'!E7:E50)+SUM('[1]VFM 02'!E7:E50)+SUM('[1]VFM 03'!E7:E50)+SUM('[1]VFNM 04-05'!D7:D47))/12/SUM([1]UARL!E7:E50) -> 10.605568 | M50: =SUM(M4:M47) -> 27.562591 | N50: =E50/M50 -> 2.9207863 | O50: =(G50*1000000)/12/SUM([1]UARL!E7:E50) -> 6.3827841
